sample,accession,G3:10 ,G2:4 ,G3:10-2 ,G3:11 ,S3:15 ,G3:11-2 ,S4:16 ,G2:5 ,Unknown ,G3:13 ,G3:14 ,G3:6 ,S4:17-2 ,S4:17 ,unknown ,S3:17-2 ,G3:7 ,G3:15-2 ,G3:15 ,S3:12 ,S4:23 ,S4:19-2 ,unknown-1 ,S4:19 ,S3:19 ,S3:18 ,S3:18-2 ,G3:16 ,G3:16-2 ,S3:19-2 ,G3:19 ,S4:20 ,S4:20-2 ,G3:19-2 ,Unknown-2 ,S4:21-3 ,S3:20-2 ,S4:21-2 ,S3:20-3 ,S3:20 ,S4:20-3 ,G3:18 ,S4:21 ,S4:21-4 ,S5:22 ,S4:22-2 ,S4:22 ,S3:21 ,S3:21-3 ,S3:21-2 ,S4:22-3 ,G4:21-3,S5:23 ,G4:21-2 ,S5:23-2 ,G4:21 ,S3:22 ,S5:24 ,S3:22-2 ,S4:23-2 ,S3:22-3 ,G4:22 ,G4:22-3,S3:22-4 ,S3:23 ,S4:24 ,G4:24 ,S2:22 ,G4:32 ,G4:24-2 ,S5:25 ,G4:23 ,G5:25 ,G4:23-2 ,G3:20-2 ,G3:20 ,S3:24 ,G3:21-2 ,G3:21 ,S1:27 ,G3:22 ,G3:22-3 ,G3:22-2 
67,LA0407,0,0,0,0,278.4034335,4.815450644,0,11.94849785,59.22746781,0,0,0,0,0,0,0,0,0,37.0944206,0,0,105.6051502,0,106.0429185,0,0,0,0,0,22.86695279,0,9751.167382,107.3519313,41.09871245,189.2188841,1.175965665,0,165.2961373,199.2703863,3599.536481,3599.536481,0,0,0,0,0,0,835.5321888,856.8154506,923.27897,0,0,0,0,0,0,393.72103,0,4932.957082,0,10943.14163,0,0,0,0,0,0,0,2.184549356,0,0,0,0,0,0,137.0300429,94.48497854,28.89270386,27.7167382,0,0,585.8755365,436.639485
68,LA0407,0,0,0,0,579.7298578,5.734597156,0,0,54.99526066,0,0,0,0,0,0,0,0,0,5.298578199,0,0,172.1184834,0,146.0094787,0,0,0,0,0,26.57345972,0,12361.66351,209.6872038,56.73459716,161.4123223,0,0,256.8151659,196.2369668,3945.440758,4354.43128,0,0,0,0,0,0,696.0947867,1169.872038,1169.872038,0,0,0,0,0,0,856.9052133,0,6186.170616,0,9333.649289,0,0,0,0,0,0,0,3.938388626,0,0,0,0,0,0,152.7630332,93.86729858,39.35545024,25.7535545,2.82464455,0,319.1658768,334.3601896
109,LA0407,0,0,0,0,51.14516129,0,0,0,36.20430108,0,0,0,0,0,0,0,0,0,0,0,0,24.80107527,0,22,0,0,0,0,0,0,0,1947.456989,10.59139785,0,439.8010753,0,0,14.59677419,5.784946237,106.9408602,106.9408602,0,0,0,0,0,0,101.0483871,116.1129032,105.0053763,0,0,0,0,0,0,85.96774194,0,741.5806452,0,4676.05914,0,0,2.440860215,0,0,0,0,0.548387097,0,0,0,0,0,0,6.903225806,51.02688172,2.494623656,2.494623656,0,0,167.8225806,136.1397849
110,LA0407,0,0,0,0,43.95338983,0,0,4.338983051,33.8220339,0,0,0,0,0,0,0,0,0,4.13559322,0,2.851694915,23.95762712,0,22.18220339,0,0,0,0,0,0,0,2884.813559,38.77542373,7.745762712,186.2118644,0,0,16.78813559,23.80932203,918.8559322,699.5889831,0,0,0,0,0,0,201.4618644,226.9661017,193.9830508,0,0,0,0,0,0,307.3177966,0,1859.461864,0,5673.932203,0,0,0.25,10.55508475,0,0,0,0.292372881,0,0,0,0,0,0,35.16525424,34.99152542,5.779661017,5.779661017,0,0,280.559322,234.059322
151,LA0407,0,0,0,0,233.7781955,4.206766917,0,3.571428571,17.73308271,0,0,0,0,0,0,0,0,0,23.63909774,0,4.894736842,90.91353383,0,0,0,0,0,0,0,0,0,7609.973684,167.5112782,5.406015038,430.7406015,0,0,101.6616541,0,484.3082707,484.3082707,0,0,0,0,0,0,273.0338346,319.981203,271.2969925,0,0,0,0,0,0,671.962406,0,1086.315789,0,3190.281955,0,0,0,0,0,0,0,2.530075188,0,0,0,0,0,0,46.54511278,138.443609,28.87218045,21.78947368,0,0,226.8533835,419.1729323
152,LA0407,0,0,0,0,326.8271605,7.203703704,0,13.38888889,59.27777778,0,0,0,0,0,0,0,0,0,44.77160494,0,20.14814815,69.62345679,0,0,0,0,0,0,0,10.48148148,0,9905.006173,155.0432099,47.66049383,740.8271605,0,0,149.5123457,0,4403.444444,4403.444444,0,0,0,0,0,0,432.8024691,705.9691358,560.5555556,0,0,0,0,0,0,1578.160494,0,812.9876543,0,9235.006173,0,0,0,0,0,0,0,5.679012346,0,0,0,0,0,0,123.4074074,89.81481481,26.39506173,20.18518519,0.728395062,0,462.0308642,700.8765432
69,LA0716,0,110.1160714,0,7.294642857,0,14.22767857,137.0669643,0,2.883928571,29.52678571,0,0,29.63839286,87.90625,14499.52232,43.92410714,0,0,2918.669643,0,0,0,354.8303571,0,0,6247.607143,875.9598214,814.8214286,3774.227679,0,2547.366071,11.64285714,3.339285714,906.3839286,0,0,1082.75,3.401785714,606.7946429,0,0,1812.723214,0,0,0,0,2.40625,129.2053571,2287.973214,2151.147321,3.116071429,0,0,0,0,0,22.21428571,0,153.5,11.56696429,120.2455357,0,0,0,15.42857143,0,0,0,0,0,0,0,0.392857143,0,0,0.504464286,0,15139.48661,14.45089286,0,2,20.59375,1.392857143
70,LA0716,0,67.77617329,2.570397112,10.80144404,0,12.66425993,126.9061372,17.6534296,2.292418773,21.04693141,0,0,0,104.1732852,7790.425993,49.22021661,0,0,3228.364621,0,0,0,244.3898917,0,0,5328.267148,1425.368231,844.0216606,2933.765343,0,2331.812274,32.32490975,12.14440433,1220.808664,0,0,320.9097473,13.90613718,504.1805054,0,0,1946.465704,0,0,0,0,10.76173285,135.6931408,2832.584838,2832.584838,2.23465704,0,0,0,0,0,41.71841155,0,261.9891697,6.335740072,176.967509,9.55234657,0,0,17.79422383,0,0,0,7.288808664,0,3.541516245,0,0.184115523,0,0,11.67870036,0,14318.1769,34.84115523,0,1.913357401,26.71119134,0.63898917
111,LA0716,0,167.49,6.295,6.875,0,13.695,166.24,49.01,14.515,43.02,0,0,42.27,79.31,7597.05,49.8,0,0,4146.02,0,0,9.875,427.065,0,0,7908.865,1517.915,1820.78,6307.37,61.29,1773.88,30.575,0,1074.11,0,0,1040.595,0,785.03,0,0,2616.03,0,0,0,0,2.19,219.375,2743.045,2743.045,0,0,0,0,0.005,0,14.185,0,165.035,6.335,409.925,4.94,0,0,22.99,3.04,0,0,6.475,0,1.64,0,1.64,0,0,5.47,0,16546.94,26.38,0,2.745,0,0
112,LA0716,0,218.0641509,2.490566038,6.732075472,0,6.501886792,100.2943396,5.362264151,3.064150943,8.728301887,0,0,18.28301887,34.78113208,10829.88302,32.37358491,0,0,1841.569811,0,0,0,206.5132075,0,0,6041.709434,1307.34717,743.6867925,0,0,1405.264151,7.464150943,5.328301887,1012.030189,0,0,801.4716981,0,430.309434,0,0,1614.732075,0,0,0,0,0,69.21132075,2309.577358,2309.577358,1.656603774,0,0,0,0,0,2.59245283,0,141.3509434,4.271698113,215.4226415,4.664150943,0,0,5.094339623,0.403773585,0,0,9.524528302,0,0,0,0,0,0,3,0,12592.64528,14.6,0,0,31.66415094,0
153,LA0716,0,174,0,3.170506912,0,7.525345622,51.28110599,0,4.65437788,0,397.235023,0,0,63.03686636,10761.28571,7.207373272,0,15.39631336,2371.981567,0,0,0,144.8801843,0,0,3416.460829,832.875576,51.43317972,210.8156682,6368.078341,3151.0553,89.98617512,0,1416.797235,0,0,388.6267281,0,648.797235,0,0,1332.156682,0,0,0,0,0,0,2198.898618,2164.718894,0,0,7.995391705,2.165898618,3.949308756,2.165898618,58.51612903,0,83.79723502,0,335.3456221,0,0,0,0,0.838709677,0,0,0,0,1.976958525,0,2.562211982,0,0,6.400921659,0,0,0,4.695852535,0,28.38709677,3.640552995
154,LA0716,0,0,0,0,0,0,0,0,0,0,0,0,0,0,0,0,0,0,0,0,0,0,0,0,0,0,0,0,0,0,0,0,0,0,0,0,0,0,0,0,0,0,0,0,0,0,0,0,0,0,0,0,0,0,1.041884817,0,0,0,0,0,0,0,0,0,0,0.90052356,0,0,0,0,1.486910995,0,0,0,0,0,0,0,0,1.287958115,0,4.068062827,4.068062827
71,LA0735,0,0,0,0,0,0,0,0,0,0,0,0,0,0,0,0,0,0,0,0,0,0,0,0,0,0,0,0,0,0,0,0,0,0,0,0,0,0,0,0,0,0,0,0,0,0,0,0,0,0,0,0,0,0,0,0,0,0,0,0,0,0,0,0,0,0,0,2.342222222,3.728888889,0,0,0,0,0,0,0,0,0,0,0,0,1.475555556,0
72,LA0735,0,0,0,0,0,0,0,0,0,0,0,0,0,0,0,0,0,0,0,0,0,0,0,0,0,0,0,0,0,0,0,0,0,0,0,0,0,0,0,0,0,0,0,0,0,0,0,0,0,0,0,0,0,0,0,0,0,0,0,0,5.260330579,0,0,0,0,0.987603306,0,1.925619835,0,0,0,0,0,0,0,0,0,0,0,2.078512397,0,4.185950413,3.095041322
113,LA0735,0,0,0,0,0,0,0,0,0,0,0,0,0,0,0,0,0,0,0,0,0,0,0,0,0,5.473684211,0,0,0,0,0,0,64.90225564,0,0,475.4661654,0,1143.781955,0,0,0,0,228.3909774,228.3909774,0,162.7443609,1500.203008,0,0,0,0,54.71428571,172.1729323,19.17293233,0,19.17293233,0,5.781954887,0,0,0,86.42857143,6.157894737,0,0,991.8947368,242.6240602,0,3.390977444,132.2631579,638.1954887,0,486.8421053,70.70676692,0,0,0,0,0,1.526315789,0,0.323308271,5.812030075
114,LA0735,0,0,0,0,0,0,0,0,0,0,0,0,0,0,0,0,0,0,0,0,0,0,0,0,0,0,0,0,0,0,0,0,0,0,0,0,0,6.220858896,0,0,0,0,0,0,0,0,4.981595092,0,0,0,0,0,0,0,0,0,0,0,0,0,0,0,0,0,0,8.343558282,0,1.588957055,0,0,0,0,0,0,0,0,0,0,0,4.294478528,0,0,0
155,LA0735,0,0,0,0,0,0,0,0,0,0,0,0,0,0,0,0,0,0,0,0,0,0,0,0,0,0,0,0,0,0,0,0,0,0,0,0,0,0,0,0,0,0,0,0,0,0,0,0,0,0,0,0,0,0,0,0,0,0,0,0,37.13571429,0,0,0,0,0,0,0,0,5.535714286,0,5.535714286,3.314285714,5.535714286,0,0,0,0,0,11,0,1.142857143,5.192857143
156,LA0735,0,0,0,0,0,0,0,0,0,0,0,0,0,0,0,0,0,0,0,0,0,0,0,0,0,0,0,0,0,0,0,0,0,0,0,0,0,0,0,0,0,0,0,0,0,0,0,0,0,0,0,0,0,0,0,0,3.365517241,0,9.6,0,74.37931034,0,0,0,0,0,0,0,2.944827586,0,0,0,0,0,0,0,0,0,0,0.275862069,0,0.013793103,2.248275862
44,LA1278,0,0,0,0,0,0,0,0,0,0,0,0,0,0,0,0,0,0,0,0,0,0,0,0,0,0,0,0,0,0,0,0,58,0,0,133.8647343,0,341.4879227,0,0,0,0,65.06280193,51.35748792,0,45.82125604,290.7826087,0,0,0,0,51.04347826,178.3816425,10.07246377,50.5942029,10.07246377,0,0,0,0,0,60.12077295,20.30434783,0,0,143.2173913,32.64251208,0,0,86.28502415,410.7536232,0,364.7826087,74.94202899,0,0,0,0,0,0,0,0,0
45,LA1278,0,0,0,0,0,0,0,0,0,0,0,0,0,0,0,0,0,0,0,0,0,0,0,0,0,0,0,0,0,0,0,1.186170213,35.64893617,0,0,67.88297872,0,185.1755319,0,0,0,0,29.11170213,27.79787234,0,9.04787234,155.3297872,0,0,0,0,28.0106383,87.48404255,11.97340426,28.92021277,11.97340426,0,0,0,0,16.86170213,8.39893617,0.563829787,0,0,65.92553191,19.11702128,0,2.882978723,29.06914894,122.4734043,0,95.18617021,29.06914894,0,0,0,0,0,0,0,8.755319149,1.329787234
85,LA1278,20.84545455,0,15.38181818,33.87727273,0,8.054545455,56.44545455,0,0,0,0,15.50909091,13.55909091,0,0,0,0,0,0,0,0,0,0,0,36.05,0,0,0,0,0,0,0,814.3181818,0,0,5.786363636,0,434.5272727,6.340909091,0,0,0,10.69090909,8.581818182,0,44.45,50.38181818,0,0,0,21.81363636,11.82727273,23.54090909,5.490909091,8.35,5.490909091,0,3.840909091,0,17.03636364,9.877272727,1.886363636,0,0,0,7.445454545,6.859090909,1.959090909,4.972727273,12.05,48.35454545,0,50.8,12.05,0,0,0,0,0,0,0,4.186363636,7.018181818
86,LA1278,0,0,0,0,0,0,0,0,0,0,0,0,0,0,0,0,0,0,0,0,0,0,0,0,0,0,0,0,0,0,0,0,80.79032258,0,0,63.59677419,0,240.6854839,0,0,0,0,36.22580645,36.22580645,0,9.564516129,79.2983871,0,0,0,0,39.55645161,139.4032258,8.717741935,36.97580645,8.717741935,0,0,0,0,9.290322581,24.05645161,1.935483871,0,0,27.7016129,17.92741935,0,3.14516129,38.09677419,151.8870968,0,166.1370968,17.04032258,0,0,0,0,0,0,0,1.258064516,0
127,LA1278,0,0,0,0,0,0,0,0,0,0,0,0,0,0,0,0,0,0,0,0,0,0,0,0,0,0,0,0,0,0,0,0,0,0,0,0,0,0,0,0,0,0,0,0,0,0,0,0,0,0,0,0,0,0,0,0,0,0,0,0,8.711111111,0,0,0,0,0,0,0,1.927777778,0,0,0,0,0,0,0,0,0,0,2.283333333,4.161111111,1.233333333,1.138888889
128,LA1278,0,0,0,0,0,0,0,0,0,0,0,0,0,0,0,0,0,0,0,0,0,0,0,0,0,0,0,0,0,0,0,0,5.896774194,0,0,0,0,0,0,0,0,0,0,0,0,0,0,0,0,0,0,0,0,0,0,0,0,0,0,0,0,0,0,0,0,0,0,1.877419355,3.219354839,0,0,0,0,0,0,0,0,0,1.458064516,0,0,8.774193548,6.696774194
46,LA1364,1.10738255,0,1.70246085,0,0,0,12.20357942,0,0,0,0,0,4.953020134,0,0,0,0,0,9.67114094,0,0,0.494407159,0,3.14541387,0,0,0,0,0,0,0,0,228.3914989,0,0,255.1431767,4.098434004,912.9776286,0,0,0,0,144.7337808,143.2326622,0,46.70022371,472.1319911,0,0,0,0,85.53914989,395.8747204,32.24832215,154.9686801,32.24832215,0,0,0,1.37360179,4.161073826,34.68232662,26.5212528,0,0,88.06711409,19.22818792,0,0,59.06935123,174.4988814,0,202.4809843,50.57718121,0,0,0,0,0,0,0,4.463087248,0.37360179
47,LA1364,0,0,0,0,0,0,0,0,0,0,0,0,0,0,0,0,0,0,0,0,0,0,0,0,0,0,0,0,0,0,0,0,54.50222222,0,0,89.06666667,0,277.7955556,0,0,0,0,45.81777778,25.86666667,0,29.57777778,236.6711111,0,0,0,0,42.63555556,151.9511111,17.55111111,42.24,17.55111111,0,0,0,0,0,32.68888889,4.96,0,0,86.25777778,31.24444444,0,2.08,30.31111111,120.6888889,0,97.18666667,14.30666667,0,0,0,0,0,0,0,3.315555556,3.315555556
87,LA1364,0,0,0,0,0,0,0,0,0,0,0,0,0,0,0,0,0,0,0,0,0,0,0,0,0,0,0,0,0,0,0,0,35.90344828,0,0,125.2965517,0,311.4482759,0,0,0,0,42.55862069,42.32413793,0,5.089655172,177.0827586,0,0,0,0,48.62068966,71.43448276,29.91724138,50.52413793,32.2137931,0,0,0,0,15.3862069,30.44137931,2.455172414,0,0,35.29655172,0.862068966,0,9.186206897,15.40689655,52.33103448,0,147.0344828,9.296551724,0,0,0,0,0,0,0,0,2.765517241
88,LA1364,12.29473684,0,0,0,0,0,0,0,0,0,0,0,2.626315789,0,0,0,0,0,0,0,0,0,0,0,0,0,0,0,0,0,0,0,294.7157895,0,0,22.46315789,21.47368421,181.5894737,0,0,0,0,36.4,22.11578947,0,0,50.12105263,0,2.478947368,2.478947368,5.710526316,24.04736842,61.23157895,7.231578947,0,7.321052632,0,0,2.857894737,0,22.46842105,25.68947368,5.094736842,0,0,26.46315789,8.931578947,1.357894737,3.005263158,20.10526316,87.44210526,0,113.5,14.90526316,0,0,0,0,0,0,0,1.510526316,0.542105263
129,LA1364,0,0,0,0,0,0,0,0,0,0,0,0,0,0,0,0,0,0,0,0,0,0,0,0,0,0,0,0,0,0,0,0,0,0,0,0,0,0,0,0,0,0,0,0,0,0,0,0,0,0,0,0,0,0,0,0,0,0,0,0,0,0,0,0,0,0,0,0,1.679425837,0,0,0,0,0,0,0,0,0,0,1.966507177,0,0,0
130,LA1364,0,0,0,0,0,0,0,0,0,0,0,0,0,0,0,0,0,0,0,0,0,0,0,0,0,0,0,0,0,0,0,0,0,0,0,0,0,0,0,0,0,0,0,0,0,0,0,0,0,0,0,0,0,0,0,0,0,0,0,0,0,0,0,0,0,0,0,3.676646707,4,0,0,0,0,0,0,0,0,0,0,2.886227545,0,0,0
48,LA1401,0,0,0,0,0,0,0,0,0,0,0,0,26.52208835,0,0,0,0,0,4.329317269,0,0,6.530120482,0,2.365461847,0,0,0,0,0,0,0,0,87.50200803,0,0,219.9036145,0,646.9036145,0,0,0,0,122.1767068,115.0481928,0,58.8313253,423.9116466,0,0,0,0,62.05220884,252.313253,24.64658635,65.76305221,24.64658635,0,0,0,0,3.698795181,73.47791165,20.28915663,0,0,148.815261,27.90763052,0,0,62.8875502,212.0321285,0,155.1004016,14.3935743,0,0,0,0,0,0,0,0.855421687,0.859437751
49,LA1401,0,0,0,0,0,0,0,0,0,0,0,0,0,0,0,0,0,0,3.0125,0,0,0,0,1.6025,0,0,0,0,0,0,0,0,65.4725,0,0,121.3075,0,439.42,0,0,0,0,75.78,79.295,0,0,300.8375,0,0,0,0,114.71,474.3975,52.94,192.355,52.94,0,0,0,0,11.06,42.5875,31.8,0,0,52.895,25.5875,0,2.8375,62.285,242.2075,0,271.0225,18.24,0,0,0,0,0,0,0,0.7225,0.7225
89,LA1401,0,0,0,0,0,0,0,0,0,0,0,0,0,0,0,0,0,0,0,0,0,0,0,0,0,0,0,0,0,0,0,0,26.70445344,0,0,57.32793522,0,212.7044534,0,0,0,0,30.43319838,29.21052632,0,12.77327935,157.6477733,0,0,0,0,29.08502024,77.50607287,6.295546559,0,6.295546559,0,0,0,0,1.91902834,20.5465587,4.449392713,0,0,24.1902834,3.522267206,0.072874494,0.83805668,20.38461538,95.82995951,0,115.8421053,11.10121457,0,0,0,0,0,0,0,2.789473684,2.789473684
90,LA1401,0,0,0,0,0,0,0,0,0,0,0,0,0,0,0,0,0,0,0,0,0,0,0,4.706730769,0,0,0,0,0,0,0,0,82.72596154,0,0,187.0096154,0,643.7644231,0,0,0,0,94.36057692,89.05769231,0,0,376.2788462,0,0,0,0,74.41346154,258.7211538,17.52884615,25.99519231,17.52884615,0,0,0,23.54807692,14.50480769,56.45673077,28.87019231,0,0,63.60096154,16.13461538,3.221153846,5.331730769,53.51442308,173.7932692,0,206.7259615,18.27403846,0,0,0,0,0,0,0,2.293269231,2.293269231
131,LA1401,0,0,0,0,0,0,0,0,0,0,0,0,0,0,0,0,0,0,0,0,0,0,0,0,0,0,0,0,0,0,0,0,0,0,0,0,0,0,0,0,0,0,0,0,0,0,0,0,0,0,0,0,0,0,0,0,0,0,0,0,0,0,0,0,0,0,0,3.539432177,0,0,0,0,0,0,0,0,0,0,0,0,0,0,0
132,LA1401,0,0,0,0,0,0,0,0,0,0,0,0,0,0,0,0,0,0,0,0,0,0,0,0,0,0,0,0,0,0,0,0,0,0,0,0,0,0,0,0,0,0,0,0,0,0,0,0,0,0,0,0,0,0,0,0,0,0,0,0,0,0,0,0,0,0,0,1.306818182,0.051136364,0,0,0,0,0,0,0,0,0,0,0,0,0,0
50,LA1578,0,0,0,0,0,0,0,0,0,0,0,0,0,0,0,0,0,0,4.111940299,0,0,0,0,38,0,0,0,0,0,33.12686567,0,114.3283582,8.425373134,0,0,0,0,124.0895522,0,0,0,0,139.1268657,0,0,0,698.1343284,0,11.91044776,11.91044776,0,103.2164179,392.7686567,74.74626866,32.91791045,84.20895522,0,0,0,167.9776119,10.52238806,180.0447761,41.34328358,0,0,265.8134328,0,0,0,128.2164179,615.0746269,0,657.6567164,95.34328358,0,0,0,0,0,0,0,4.828358209,6.589552239
51,LA1578,0,0,0,0,0,0,0,0,0,0,0,0,25.69545455,0,0,0,0,0,19.60909091,0,0,1.986363636,0,9.645454545,0,0,0,0,0,0,0,0,186.7318182,0,0,549.6136364,0,1727.531818,0,0,0,0,424.4590909,401.0045455,0,150.8636364,975.3409091,0,0,0,0,261.3454545,1218.913636,133.0727273,408.7136364,135.0363636,0,0,0,232.4045455,2.918181818,116.3727273,17.98636364,0,0,266.2409091,69.5,0,2.822727273,239.4136364,877.1954545,0,908.8909091,71.15,0,0,0,0,0,0,0,5.072727273,2.154545455
91,LA1578,0,0,0,0,0,0,0,0,0,0,0,0,33.96666667,0,0,0,0,0,0,0,0,0,0,0,0,0,0,0,0,0,0,0,58.24166667,0,0,263.6666667,0,530.1166667,0,0,0,0,47.83333333,80.91666667,0,0,482.4416667,3.591666667,0,0,0,25.425,215.4916667,27.425,0,27.425,0,0,0,0,24.575,49.83333333,17.84166667,0,0,74.01666667,10.99166667,3.491666667,2.775,33.69166667,215.8333333,0,288.1,32.63333333,0,0,0,0,0,0,0,3.916666667,3.916666667
92,LA1578,0,0,0,0,0,0,0,0,0,0,0,0,39.70940171,0,0,0,0,0,0,0,0,0,0,0,0,0,0,0,0,0,0,0,19.8034188,0,0,22.76923077,0,109.1196581,0,0,0,0,12.95726496,20.78632479,0,0,70.65811966,0,0,0,0,18.17948718,68.76923077,9.282051282,28.58119658,9.794871795,0,0,0,0,29.12820513,10.75213675,10.75213675,0,0,19.77777778,11.93162393,0,0,16.8974359,69.18803419,0,76.83760684,23.26495726,0,0,0,0,0,0,0,0,4.273504274
133,LA1578,0,0,0,0,0,0,0,0,0,0,0,0,1.90625,0,0,0,0,0,0,0,0,0,0,0,0,0,0,0,0,0,0,0,23.29017857,0,0,0,0,22.05357143,0,0,0,0,0,0,0,4.651785714,5.125,0,0,0,0,0,0,0,0,0,0,0,0,0,0,0,0,0,0,0,0,0,5.102678571,0,0,0,0,0,0,0,0,0,0,0,0,0,0
134,LA1578,0,0,0,0,0,0,0,0,0,0,0,0,0,0,0,0,0,0,0,0,0,0,0,0,0,0,0,0,0,0,0,0,0,0,0,0,0,0,0,0,0,0,0,0,0,0,0,0,0,0,0,0,0,0,0,0,0,0,0,0,0,0,0,0,0,0,0,1.891089109,6.841584158,0,0,0,0,0,0,0,0,0,0,0,0,0,0
77,LA1718,0,23.71923077,0,0,227.4884615,0,0,63.44615385,0,0,0,48,0,0,0,0,94.5,0,0,0,0,46.80384615,0,49.63076923,0,0,0,0,0,0,2.111538462,4707.357692,159.2730769,3.711538462,0,0,60.76923077,15.14615385,0,202.2576923,202.2576923,0,0,0,0,0,2.930769231,1373.276923,428.3730769,427.6730769,0,0,0,0,0,0,273.5653846,47.69615385,3564.319231,0,3582.584615,0,0,4.038461538,0,1.707692308,0,0,2.034615385,0,0.623076923,0,9.092307692,0,0,10.00384615,59.93076923,14.55769231,1.484615385,0,0,97.07307692,78.01538462
78,LA1718,112.2643052,10.03814714,48.92098093,0,78.86920981,19.80108992,113.6702997,49.21798365,0,0,0,42.7520436,15.50953678,0,0,0,102.2506812,0,0,0,0,5.343324251,0,0,0,3.953678474,0,0,0,7.128065395,7.520435967,0,3599.073569,3.340599455,0,32.16621253,172.9700272,942.8174387,0,126.6839237,140.8964578,0,13.15258856,10.77929155,0,0,37.71934605,1645.877384,164.8501362,164.8501362,58.66757493,0,0,0,0,0,151.0381471,133.5286104,0,11.14168937,2386.972752,0,0,0.356948229,0,1.340599455,0,0.177111717,2.089918256,0,0,0,15.46321526,0,0,0,42.1880109,9.528610354,0.367847411,1.866485014,0,0,0.482288828
119,LA1718,0,61.45416667,0,0,457.2125,0,0,167.45,0,0,0,91.0625,0,0,0,0,199.0291667,0,71.09583333,0,0,0,0,0,0,0,0,0,0,12.91666667,17.6,0,71.6125,6.933333333,19.89166667,0,131.2833333,9.683333333,0,545.9875,675.4291667,0,0,0,0,0,0,4575.4,676.6375,676.6375,0,0,0,15.6125,0,15.6125,1139.945833,143.5625,4476.670833,0,6858.8375,0,0,0,0,0,0,0,3.258333333,0,0.3,0,0,0,0,0,92.34166667,25.64166667,0,0,0,0,0
120,LA1718,0,9.6,0,0,353.95,0,0,68.97272727,0,0,0,26.6,0,0,0,0,111.1454545,0,27.13636364,0,0,10.97727273,0,0,0,0,0,0,0,0,11.68181818,0,23.90454545,11.52272727,0,14.56818182,125.0727273,0,0,351.9136364,453.5090909,0,0,0,0,0,0,580.4909091,513.8454545,513.8454545,0,0,0,3.886363636,0,3.886363636,511.0772727,88.61818182,4839.359091,0,3949.477273,0,0,1.031818182,0,0,0,4.290909091,0.063636364,0,1.7,0,6.740909091,0,0,0,67.55,0,0,0,0,2.722727273,2.722727273
161,LA1718,0,70.2038835,0,0,516.5242718,0,0,92.26213592,0,0,0,205.2912621,0,0,0,0,167.7475728,0,10.08737864,0,0,154.3106796,0,0,0,0,0,0,0,0,0,13653.96117,0,15.7184466,0,0,56.03883495,45.33980583,0,740.2330097,690.0679612,0,0,0,0,0,0,0,1239.757282,1239.757282,0,0,0,0,0,0,2746.485437,44.14563107,2466.446602,0,6425.757282,0,0,4.86407767,0,0,0,0,6.45631068,0,9.553398058,0,0,0,0,19.53398058,211.4174757,0,0,0,0,148.9223301,273.0776699
162,LA1718,0,299.7986111,0,0,870.4722222,0,0,451.9305556,0,0,0,545.1111111,0,0,0,0,905.6527778,0,0,0,0,180.5138889,0,0,0,0,0,0,0,0,0,19904.78472,1225.993056,49.06944444,0,0,0,46.90972222,0,2829.944444,2777.138889,0,0,0,0,0,0,36.07638889,3285.159722,3285.159722,0,0,0,0,0,0,7108.958333,211.6875,2680.201389,0,27166.57639,0,0,16.54166667,0,0,0,0,0,0,1.958333333,0,2.201388889,0,0,78.20833333,336.4722222,0,0,0,0,345.8888889,537.0416667
52,LA1777,1670.741433,32.61682243,1380.859813,220.529595,3.629283489,1587.174455,8601.448598,18.77570093,0,0,0,626.364486,2426.140187,0,2.953271028,84.73520249,27.5482866,0,7.323987539,0,0,67.29595016,0,0,417.3520249,0,2.242990654,0,0,335.623053,0,0,33307.23364,0,0,252.3707165,3641.517134,24381.25234,318.8317757,0,14.34267913,0,222.0903427,45.70093458,0,126.4205607,5953.641745,22.46728972,0.068535826,0.068535826,2507.523364,55.51090343,107.0716511,0,0,0,0,583.2461059,0,1218.380062,0,44.71962617,1.548286604,0,0,0,23.09657321,0,0,38.77570093,203.4454829,0,224.7383178,31.74454829,0,0,0,0,0,0,0,1.224299065,1.056074766
93,LA1777,1409.705882,86.72058824,1914.294118,459.2426471,5.595588235,2854.875,14421.07353,19.26470588,0,0,0,613.2279412,5183.040441,0,0,24.40073529,32.44485294,0,13.47058824,0,0,252.0808824,0,228.7647059,727.1433824,0,0,0,0,434.0625,4.077205882,22.49264706,35329.5625,0.930147059,0,60.46691176,0,27398.25368,365.7573529,0,0,0,169.1544118,196.9926471,0,301.9558824,9648.025735,10.79411765,0,0,4463.275735,21.36029412,39.5,6.077205882,54.08455882,6.077205882,0,1623.279412,0,4306.088235,30.90441176,2.275735294,2.275735294,0.408088235,0,0,4.433823529,0,9.470588235,10.02941176,42.74632353,0,62.97058824,11.5625,0,0,0,0,0,0,0,0,0
94,LA1777,2788.810945,151.4577114,1900.791045,172.7761194,0,2482.308458,11071.43781,3.980099502,0,0,0,938.119403,4101.149254,0,0,96.87562189,56.78606965,0,8.144278607,0,0,61.2039801,0,36.10447761,153.3930348,0,0,0,0,389.3383085,0,0,40574.78607,0,0,378.199005,6953.014925,0,1075.20398,0,0,0,294.1691542,0,0,0,4503.532338,0,1.059701493,1.059701493,4579.512438,52.44776119,158.1940299,17.06467662,0,17.06467662,1.228855721,259.6268657,0,2763.373134,17.08955224,17.71641791,5.054726368,0,0,0,10.40298507,0,8.756218905,41,112.7064677,0,139.0248756,31.45273632,0,0,0,0,0,0,0,0.273631841,1.323383085
135,LA1777,948.5862069,25.82327586,1336.810345,129.3103448,0,984.5043103,0,6.224137931,0,0,0,267.1077586,4370.396552,0,0,26.13793103,12.38793103,0,0,0,0,46.89655172,0,44.40948276,112.4568966,0,0,0,0,138.1206897,0,0,18137.69828,0,0,0,1625.887931,21954.27586,132.9094828,0,3.568965517,0,106.3405172,6.586206897,0,0,5793.051724,1.590517241,2.439655172,2.439655172,618.6939655,0,0,0,0,0,0,290.8663793,0,653.987069,26.85775862,0,0,0,0,0,0,1.146551724,1.245689655,0,0,0,0,0,0,0,0,0,0,0,0,0,0
136,LA1777,2727.577465,53.44366197,2127.830986,154.6056338,0,649.5985915,0,24.20422535,0,0,0,672.6971831,5556.478873,0,0,68.63380282,79.6056338,0,0,0,0,19.85915493,0,0,155.9577465,0,0,0,0,206.7253521,6.633802817,0,41444.83803,0,0,0,3386.514085,40736.38028,549.4295775,3.007042254,3.007042254,0,340.9788732,112.6126761,0,0,12738.27465,0,5.690140845,5.690140845,5546.802817,0,0,0,0,0,0,579.1267606,0,4010.528169,26.45070423,0,0,0,0,0,0,3.049295775,4.394366197,0,5.690140845,0,5.690140845,0,0,0,0,0,0,0,0,0,0
53,LA1840,0,0,0,0,0,0,8.040625,0,0,0,0,0,0,0,0,0,0,0,9.3625,0,0,9.325,0,0.865625,0,0,0,0,0,0,0,0,139.821875,0,0,121.41875,2.234375,457.80625,0,0,0,0,69.371875,69.371875,0,7.00625,323.41875,0,0,0,0,73.00625,255.453125,34.48125,99.65625,53.66875,0,0,0,0,0,53.840625,15.125,0,0,83.19375,36.89375,0,0.309375,51.25625,156.75,0,169.903125,38.3625,0,0,0,0,0,0,0,1.453125,0.109375
54,LA1840,0,0,0,0,0,0,7.135714286,0,0,0,0,0,0,0,0,0,0,0,2.846428571,0,0,3.492857143,0,0.389285714,0,0,0,0,0,0,0,0,91.46071429,0,0,117.7214286,0,387.8892857,0,0,0,0,61.6,61.6,0,31.43928571,294.5392857,0,0,0,4.992857143,46.80357143,168.1857143,12.225,29.51428571,12.225,0,0,0,0,0,43.11071429,5.367857143,0,0,95.26785714,29.11428571,0,0,58.65357143,225.1535714,0,193.1964286,20.075,0,0,0,0,0,0,0,0,0.485714286
95,LA1840,0,0,0,0,0,0,0,0,0,0,0,0,0,0,0,0,0,0,0,0,0,0,0,0,0,0,0,0,0,0,0,0,38.87195122,0,0,33.4695122,0,73.36585366,0,0,0,0,12.73780488,17.48780488,0,0,40.98170732,0,0,0,0,13.84756098,15.87804878,6.445121951,0.725609756,6.445121951,0,0,0,0,10.3597561,0,0,0,0,20.75,14.61585366,3.835365854,7.682926829,20.42682927,106.652439,0,88.31097561,20.42682927,0,0,0,0,0,0,0,1.103658537,0
96,LA1840,0,0,0,0,0,0,0,0,0,0,0,0,0,0,0,0,0,0,8.974522293,0,0,0,0,22.8343949,0,0,0,0,0,0,0,0,291.1719745,0,0,624.0254777,0,2386.089172,0,0,0,0,440.4713376,295.433121,0,72.49044586,1318.872611,0,0,0,0,323.6751592,1584.834395,163.4649682,508.3821656,163.4649682,0,7.52866242,0,0,6.318471338,121.3184713,64.58598726,0,0,146.8789809,56.01273885,4.815286624,2.401273885,188.5732484,901.0254777,0,948.2993631,82.05732484,0,0,0,0,0,0,0,0,0
137,LA1840,0,0,0,0,0,0,0,0,0,0,0,0,0,0,0,0,0,0,0,0,0,0,0,0,0,0,0,0,0,0,0,0,10.03952569,0,0,0,0,3.830039526,0,0,0,0,0,0,0,0,0,0,0,0,0,0,0,0,0,0,0,0,0,0,0,0,0,0,0,0,0,1.150197628,2.268774704,0,0.679841897,0,0,0,0,0,0,0,0,0,0,0,0
138,LA1840,0,0,0,0,0,0,0,0,0,0,0,0,0,0,0,0,0,0,0,0,0,0,0,0,0,0,0,0,0,0,0,0,4.531034483,0,0,0,0,0,0,0,0,0,0,0,0,0,0,0,0,0,0,0,0,0,0,0,0,0,0,0,0,0,0,0,0,0,6.544827586,0,2.537931034,0,2.406896552,0,0,0,0,0,0,0,0,0,0,0,0
55,LA1954,0,0,0,0,14.12643678,0,12.36781609,0,0,0,0,0,0,0,0,0,0,0,0,0,0,4.936781609,0,1.735632184,0,0,0,0,0,0,0,10.47701149,189.2988506,0,0,321.6264368,0,1183.344828,4.5,37.63218391,25.53448276,0,165.7298851,147.4022989,0,50.5,425.0517241,8.264367816,8.137931034,8.137931034,0,77.14367816,189.1954023,37.96551724,0,37.96551724,45.46551724,0,0,0,335.0114943,70.5,1.316091954,0,0,171.2413793,86.14367816,0,0,71.13793103,246.8850575,0,279.4655172,21.48850575,0,0,0,0,0,0,0,1.609195402,1.764367816
56,LA1954,0,0,0,0,0,0,14.08241758,0,0,0,0,0,3.478021978,0,0,0,0,0,0,0,0,0,0,0,0,0,0,0,0,0,0,0.587912088,146.9725275,0,0,95.32967033,7.576923077,356.9725275,0,12.15934066,12.15934066,0,28.68131868,42.67032967,0,27.45604396,122.6593407,0,0,0,0,24.79120879,44.93956044,6.884615385,22.56593407,6.884615385,13.18681319,0,13.52747253,40.6043956,110.956044,18.32417582,0.868131868,0,0,67.62087912,47.84615385,0,0,30.54945055,131.6758242,0,158.9615385,9.318681319,0,0,0,0,0,0,0,1.027472527,1.39010989
97,LA1954,0,0,0,0,0,0,0,0,0,0,0,0,0,0,0,0,0,0,10.66923077,0,0,0,0,19.97692308,0,0,0,0,0,0,0,0,135.6076923,0,0,326.6538462,0,984.2230769,0,0,0,0,179.3076923,168.6538462,0,0,564.4384615,0,0,0,0,223.9538462,878.7153846,77.51538462,251.6769231,77.51538462,0,0,0,0,7.084615385,197.2153846,63.43846154,0,0,62.75384615,28.97692308,0.484615385,0.576923077,192.3461538,781.3,0,847.5384615,144.9692308,0,0,0,0,0,0,0,3.984615385,3.984615385
98,LA1954,0,0,0,0,0,0,0,0,0,0,0,0,0,0,0,0,0,0,0,0,0,0,0,0,0,0,0,0,0,0,0,0,53.78472222,0,0,93.88194444,0,303.0902778,0,0,0,0,63.50694444,34.78472222,0,21.66666667,171.7152778,0,0,0,0,62.77083333,144.8819444,11.13194444,0,11.13194444,0,0,0,0,0,32.97916667,0,0,0,22.25694444,10.17361111,0.006944444,5.576388889,62.40277778,194.6805556,0,162.8055556,48.44444444,0,0,0,0,0,0,0,0,0
139,LA1954,0,0,0,0,0,0,0,0,0,0,0,0,0,0,0,0,0,0,0,0,0,0,0,0,0,0,0,0,0,0,0,0,0,0,0,0,0,0,0,0,0,0,0,0,0,0,0,0,0,0,0,0,0,0,0,0,0,0,0,0,0,0,0,0,0,0,0,4.018181818,0,0,0,0,0,0,0,0,0,0,0,0,0,0,0
140,LA1954,0,0,0,0,0,0,0,0,0,0,0,0,0,0,0,0,0,0,0,0,0,0,0,0,0,0,0,0,0,0,0,0,0,0,0,0,0,0,0,0,0,0,0,0,0,0,0,0,0,0,0,0,0,0,0,0,0,0,0,0,0,0,0,0,0,0,0,14.45652174,2.782608696,0,0,0,0,0,0,0,0,0,0,0,0,6.891304348,6.891304348
57,LA2133,0,0,0,0,0,0,0,0,0,0,0,0,0,0,0,0,0,0,0,0,0,0,0,0,0,0,0,0,0,0,0,0,41.22142857,0,0,38.34285714,0,82.65,0,4.928571429,4.928571429,0,17.56428571,14.55,0,0,91.48571429,3.728571429,11.70714286,11.70714286,0,15.56428571,17.42142857,3.735714286,0,3.735714286,43.28571429,0,29.02142857,0,197.3785714,0,0,0,0,33.14285714,14.13571429,0,3.042857143,10.33571429,65.13571429,0,70.73571429,10.33571429,0,0,0,0,0,3.1,0,8.271428571,1.6
58,LA2133,0,0,0,0,0,0,1.847826087,0,0,0,0,0,0,0,0,0,0,0,7.460869565,0,0,0,0,9.2,0,0,0,0,0,0,0,0,83.2826087,0,0,228.2782609,0,718.3521739,0,0,0,0,91.14347826,87.37826087,0,12.4173913,552.2956522,1.060869565,0,0,0,74.7,289.7391304,33.39130435,83.13478261,38.77391304,0,0,0,0,62.59130435,66.33043478,10.4826087,0,0,131.8869565,30.82173913,0.752173913,4.726086957,68.9,221.6347826,0,259.4565217,45.5173913,0,0,0,0,0,0,0,3.02173913,3.382608696
99,LA2133,0,0,0,0,0,0,8.118644068,0,0,0,0,0,0,0,0,0,0,0,4.813559322,0,0,0,0,3.02259887,0,3.316384181,0,0,0,0,4.548022599,0,112.5819209,0,0,81.25423729,3.056497175,288.6214689,0,0,0,0,51.17514124,51.17514124,0,0,158.8870056,0,7.694915254,7.694915254,0,70.16949153,216.2655367,22.66101695,0,22.66101695,0,0,4.463276836,0,13.76271186,59.60451977,20.09039548,0,0,26.52542373,9.310734463,0,1.858757062,23,169.0621469,0,222.3389831,16.8700565,0,0,0,11.92655367,0,0,0,0,2.327683616
100,LA2133,0,0,0,0,0,0,0,0,0,0,0,0,0,0,0,0,0,0,0,0,0,0,0,0,0,0,0,0,0,0,0,0,14.87654321,0,0,0,0,6.99382716,0,0,0,0,0,0,0,0,0,0,0,0,0,0,0,0,0,0,0,0,0,0,8.814814815,0,0,0,0,0,0,0.086419753,4.203703704,0,0,0,0,0,0,0,0,0,0,0,0,0,0
141,LA2133,0,0,0,0,0,0,0,0,0,0,0,0,0,0,0,0,0,0,0,0,0,0,0,0,0,0,0,0,0,0,0,0,0,0,0,0,0,0,0,0,0,0,0,0,0,0,0,0,0,0,0,0,0,0,0,0,0,0,0,0,0,0,0,0,0,0,0,0,4.16,0,0,0,0,0,0,0,0,0,0,0,0,0,0
142,LA2133,0,0,0,0,0,0,0,0,0,0,0,0,6.198529412,0,0,0,0,0,0,0,0,0,0,0,0,0,0,0,0,0,0,0,0,0,0,0,0,0,0,0,0,0,0,0,0,0,0,0,0,0,0,0,0,0,0,0,0,0,0,0,3.264705882,0,0,0,0,0,0,0,4.242647059,0,0,0,0,0,0,0,0,0,0,0,0,0,0
59,LA2172,0,0,0,0,4.316725979,0,0,0,0,0,0,0,0,0,0,0,0,0,1.861209964,0,0,0,0,4.266903915,0,0,0,0,0,0,0,0,30.36298932,0,0,83.81850534,0,296.0320285,0,0,0,0,31.40569395,28.45907473,0,13.8683274,133.8007117,0,2.729537367,0.160142349,0,28.71886121,86.03558719,9.241992883,0,9.241992883,0,0,0,0,0,14.3772242,4.106761566,0,0,31.06049822,5.558718861,0,7.09252669,20.27046263,68.29181495,0,77.71174377,12.90391459,0,0,0,0,0,0,0,0.548042705,0
60,LA2172,0,0,0,0,0,0,0,0,0,0,0,0,0,0,0,0,0,0,1.901694915,0,0,0,0,0,0,0,0,0,0,0,0,0,35.68474576,0,0,72.69152542,0,224.6135593,0,0,0,0,34.11525424,43.80677966,0,20.55254237,136.5322034,0,0,0,0,28.96271186,95.25084746,11.99661017,17.73220339,16.25762712,0,0,0,0,0,22.39322034,8.125423729,0,0,44.15254237,15.18983051,0,2.93220339,24.05084746,62.04745763,0,70.43389831,7.023728814,0,0,0,0,0,0,0,1.210169492,1.013559322
101,LA2172,0,0,0,0,4.463114754,0,0,0,0,0,0,0,0,0,0,0,0,0,7.536885246,0,0,0,0,0,0,0,0,0,0,0,0,0,23.90163934,0,0,17.30327869,6.930327869,45.1147541,0,21.97540984,21.97540984,0,11.86885246,0,0,0,23.60655738,32.6147541,21.25,21.25,0,14.12704918,25.29918033,1.336065574,1.729508197,3.586065574,86.0204918,0,0,0,406.6516393,2.696721311,0,0,0,6.053278689,3.024590164,0.737704918,4.237704918,9.340163934,34.46721311,0,36.35655738,1.692622951,0,0,4.557377049,0,0,0,0,1.135245902,1.135245902
102,LA2172,0,0,0,0,0,0,9.469387755,0,0,0,0,0,0,0,0,0,0,0,0,0,0,0,0,0,0,0,0,0,0,0,0,0,127.8010204,0,0,2.163265306,0,81.56632653,0,0,0,0,0,0,0,0,19.04591837,0,0,0,0,0,14.13265306,0,0,0,0,0,0,0,12.08163265,0,0,0,0,0,0,0.617346939,2.933673469,0,0,0,0,0,0,0,0,0,0,0,0,0,0
143,LA2172,0,0,0,0,0,0,0,0,0,0,0,0,18.30855019,0,0,0,0,0,0,0,0,0,0,0,0,0,0,0,0,0,0,0,0,0,0,0,2.795539033,0,0,0,0,0,0,0,0,0,0,5.237918216,0,0,0,0,0,0,0,0,0,0,0,0,0,0,0,0,0,0,0,1.308550186,0.918215613,0,0,0,0,0,0,0,0,2.728624535,2.728624535,0,0,0,0
144,LA2172,0,0,0,0,0,0,0,0,0,0,0,0,0,0,0,0,0,0,0,0,0,0,0,0,0,0,0,0,0,0,0,0,0,0,0,0,0,0,0,0,0,0,0,0,0,0,0,0,0,0,0,0,0,0,0,0,0,0,0,0,0,0,0,0,0,0,0,1.472324723,1.911439114,0,0,0,0,0,0,0,0,0,0,0,0,0,0
63,LA2695,0,0,0,0,4.098039216,0,0,0,0,0,0,0,0,0,0,0,0,0,0,0,0,0,0,0,0,0,0,0,0,0,0,206.4156863,0,0,0,0,0,0,2.82745098,77.11372549,99.78431373,0,0,0,0,0,0,14.96862745,21.64705882,21.64705882,0,0,0,0,0,0,82.68235294,0,103.1764706,0,981.6823529,0,0,0,0,0,0,3.556862745,1.090196078,0,0,0,0,0,0,7.729411765,1.882352941,0,0,0,0,35.4627451,32.76862745
64,LA2695,0,0,0,0,0,0,0,0,0,0,0,0,0,0,0,0,0,0,0,0,0,0,0,0,0,0,0,0,0,0,0,0,0,0,0,0,0,0,0,5.330769231,5.330769231,0,0,0,0,0,0,0,0,0,0,0,0,0,0,0,4.292307692,0,0,0,132.0615385,0,0,0,0,0,0,3.676923077,0,0,0,0,0,0,0,0,0,0,0,0,0,6.3,0
105,LA2695,0,0,0,0,0,0,0,0,0,0,0,0,0,0,0,0,0,0,0,0,0,0,0,0,0,0,0,0,0,0,0,0,0,0,0,0,0,0,0,0,0,0,0,0,0,0,0,0,0,0,0,0,0,0,0,0,0,0,0,0,38.06603774,0,0,0,0,0,0,17.47169811,10.33962264,0,0,0,0,0,0,0,0,0,0,0,0,0,0
106,LA2695,0,0,0,0,0,0,0,0,0,0,0,0,0,0,0,0,0,0,0,0,0,0,0,0,0,0,0,0,0,0,0,0,0,0,0,0,0,0,0,0,0,0,0,0,0,0,0,0,0,0,0,0,0,0,0,0,0,0,0,0,16.06796117,0,0,0,0,0,0,5.669902913,4.902912621,0,0,0,0,0,0,0,0,0,0,4.242718447,0,0,6.233009709
147,LA2695,0,0,0,0,0,0,0,0,0,0,0,0,0,0,0,0,0,0,0,0,0,0,0,0,0,0,0,0,0,0,0,0,0,0,0,0,0,0,0,0,0,0,0,0,0,0,0,0,0,0,0,0,0,0,0,0,0,0,0,0,6.027272727,0,0,0,0,0,0,4.186363636,46.01818182,0,0,0,0,0,0,0,0,0,0,0,0,1.804545455,1.804545455
148,LA2695,0,0,0,0,0,0,0,0,0,0,0,0,0,0,0,0,0,0,0,0,0,0,0,0,0,0,0,0,0,0,0,0,0,0,0,0,0,0,0,0,0,0,0,0,0,0,0,0,0.832258065,0.832258065,0,0,0,0,0,0,0,0,0,0,0,0,0,0,0,0,0,0,1.703225806,0,0,0,0,0,0,0,0,0,0,0,0,0,0
65,LA4024,0,0,0,0,0,0,0,0,0,0,0,0,6.027472527,0,0,0,0,0,0,0,0,0,0,0,0,0,0,0,0,0,0,0,0,0,0,0,0,0,0,0,0,0,0,0,0,0,0,2.291208791,0,0,0,0,0,0,0,0,0,0,0,0,15.35164835,0,0,0,0,0,0,2.681318681,2.89010989,0,0,0,0,0,0,0,0,0,0,0,0,1.027472527,1.032967033
66,LA4024,0,0,0,0,0,0,0,0,0,0,0,0,0,0,0,0,0,0,0,0,0,0,0,0,0,0,0,0,0,0,0,0,0,0,0,0,0,0,0,0,0,0,0,0,0,0,0,0,0,0,0,0,0,0,0,0,0,0,2.14229249,0,21.60474308,0,0,0,0,0,0,0,2.027667984,0,0,0,0,0,0,0,0,0,0,0,0,1.616600791,0.928853755
107,LA4024,0,0,0,0,0,0,0,0,0,0,0,0,0,0,0,0,0,0,0,0,0,0,0,0,0,0,0,0,0,0,0,0,0,0,0,0,0,0,0,0,0,0,0,0,0,0,0,0,0,0,0,0,0,0,0,0,0,0,0,0,3.344186047,0,0,0,0,0,0,0,0.502325581,0,0,0,0,0,0,0,0,0,0,0,0,0,0
108,LA4024,0,0,0,0,0,0,0,0,0,0,0,0,0,0,0,0,0,0,0,0,0,0,0,0,0,0,0,0,0,0,0,0,0,0,0,0,0,0,0,0,0,0,0,0,0,0,0,0,0,0,0,0,0,0,0,0,0,0,0,0,0,0,0,0,0,0,0,0,1.317365269,0,0,0,0,0,0,0,0,0,0,0,0,1.317365269,1.640718563
149,LA4024,0,0,0,0,0,0,0,0,0,0,0,0,0,0,0,0,0,0,0,0,0,0,0,0,0,0,0,0,0,0,0,0,0,0,0,0,0,0,0,0,0,0,0,0,0,0,0,0,0,0,0,0,0,0,0,0,0,0,0,0,18.80465116,0,0,0,0,0,0,0,7.841860465,0,0,0,0,0,0,0,0,0,0,0,0,0,0
150,LA4024,0,0,0,0,0,0,0,0,0,0,0,0,0,0,0,0,0,0,0,0,0,0,0,0,0,0,0,0,0,0,0,0,0,0,0,0,0,0,0,0,0,0,0,0,0,0,0,0,0,0,0,0,0,0,0,0,0,0,0,0,0,0,0,0,0,0,0,0,0,0,0,0,0,0,0,0,0,0,0,0,0,0,0
75,LYC4,0,0,0,0,4896.30531,0,0,0,69.11061947,0,0,0,0,0,44.00442478,0,0,93.88053097,23104.9115,40.11946903,3.185840708,0,0,0,0,0,0,42.42920354,0,19.5,0,0,0,73.92477876,382.8893805,0,0,0,153.5132743,4792.367257,5422.862832,0,0,0,0,0,0,1042.115044,2577.623894,2577.623894,0,0,0,0,0,0,396.119469,0,0,0,8424.331858,0,0,0,0,2.389380531,0,0,3.955752212,0,1.699115044,0,4.557522124,0,0,0,436.4070796,0,0,1.845132743,0,0,7.995575221
76,LYC4,0,0,0,0,3294.523404,0,0,11.92765957,51.8212766,0,0,0,0,0,0,0,0,61.77021277,20026.91915,23.96170213,4.225531915,0,0,0,0,0,0,30.29787234,0,24.62553191,0,0,3.029787234,67.15319149,168.5617021,0,0,0,129.9191489,4314.561702,4693.148936,0,0,0,0,0,0,1172.53617,2078.67234,2078.67234,0,0,0,0,0,0,445.1276596,0,0,0,22404.61702,0,0,0,0,0.378723404,0,0,0,0,0.204255319,0,0,0,0,0,380.5914894,0,0,0,0,0.974468085,4.119148936
117,LYC4,0,0,0,0,6723.287234,0,5.319148936,0,43.39893617,0,0,0,0,0,0,0,0,79.18617021,36141.63298,20.18617021,7.111702128,0,0,0,0,0,0,117.1595745,0,49.19680851,0,0,41.95212766,99.0106383,186.3244681,4.595744681,0,19.4787234,596.6117021,6547.914894,7564.446809,0,0,0,0,0,3.191489362,2656.989362,4334.643617,4334.643617,0,0,0,0,0,0,1256.287234,0,2368.43617,0,30807.20745,0,0,2.531914894,0,0,0,0,0.159574468,0,0,0,0,0,0,0,1040.154255,0,0,0,0,2.074468085,2.074468085
118,LYC4,0,0,0,0,9325.763441,0,0,15.05376344,81.56451613,0,0,0,0,0,85.11290323,0,0,34.6827957,34632.46774,28.24193548,6.123655914,2.349462366,0,2.349462366,0,0,0,116.3817204,0,43.56451613,0,0,16.71505376,136.1290323,207.6612903,0,0,23.49462366,730.0430108,6849.258065,8387.424731,0,0,0,0,0,0,2441.44086,5044.596774,4779.370968,0,0,0,3.806451613,0,3.806451613,1521.387097,0,2669.155914,0,33073.11828,0,0,1.758064516,0,8.489247312,0,0,1.897849462,0,6.284946237,0,0,0,0,0,1124.258065,0,0,0,0,3.096774194,9.204301075
159,LYC4,0,0,0,0,6795.6875,0,0,20.15,82.73125,0,0,0,0,0,82.125,0,0,73.38125,29183.5375,36.925,28.94375,0,0,0,0,0,0,31.03125,0,44.1875,0,0,0,101.20625,773.1875,0,0,0,0,6412.16875,6412.16875,0,0,0,0,0,0,2806.30625,3494.66875,3686.63125,0,0,0,0,0,0,1227.95625,0,1786.69375,0,25401.725,0,0,1.4375,0,3.06875,0,0,3.9125,0,18.64375,0,10.6625,0,0,0,462.0375,0,0,0,0,0.31875,0.34375
160,LYC4,0,0,0,0,5846.348993,7.590604027,0,23.24832215,62.01342282,0,0,0,0,0,49.45637584,0,0,13.68456376,26601.88591,26.9261745,0,0,0,0,0,0,0,39.57718121,0,24.32885906,0,0,0,87.52348993,761.3892617,0,0,0,0,5005.020134,5018.234899,0,0,0,0,0,0,2792.993289,2237.765101,2237.765101,0,0,0,0,0,0,1711.899329,0,847.9932886,0,10718.60403,0,0,1.590604027,0,0,0,0,3.228187919,0,6.369127517,0,0,0,0,0,371.3691275,0,0,0,0,0,4.704697987
42,MM,0,0,0,0,0,0,0,0,0,0,0,0,0,0,0,0,0,0,0,0,0,0,0,0,0,0,0,0,0,0,0,1.247058824,19.73529412,0,0,0,0,10.11764706,0,0,0,0,0,0,0,0,0,0,0,0,0,0,0,0,0,0,0,0,0,0,0,0,0,0,0,0,0,0,2.955882353,0,0,0,0,0,0,0,0,0,0,0,0,2.061764706,0
43,MM,0,0,0,0,0,0,0,0,0,0,0,0,1.465789474,0,0,0,0,0,0,0,0,0,0,0,0,0,0,0,0,0,0,1.45,14.01842105,0,0,0,0,8.118421053,0,0,0,0,0,0,0,0,0,0,0,0,0,0,0,0,0,0,0,0,0,0,0,0,0,0,0,0,0,0,0.957894737,0,0,0,0,0,0,0,0,0,0,0,0,2.118421053,4.418421053
83,MM,0,0,0,0,0,0,0,0,0,0,0,0,0,0,0,0,0,0,0,0,0,0,0,0,0,0,0,0,0,0,0,0,5.257777778,0,0,0,0,0,0,0,0,0,0,0,0,0,0,0,0,0,0,0,0,0,0,0,0,0,0,0,16.04,0,0,0,0,0,0,2.4,2.617777778,0,1.688888889,0,0,0,0,0,0,0,0,0,0,4.88,3.346666667
84,MM,0,0,0,0,0,0,0,0,0,0,0,0,0,0,0,0,0,0,3.416666667,0,0,5.364035088,0,3.355263158,0,0,0,0,0,0,0,0,96.89473684,0,0,230.7631579,0,830.4035088,0,0,0,0,156.9473684,152.1315789,0,40.97368421,451.7894737,0,0,0,0,97.71052632,345.2017544,30.6622807,99.22368421,30.6622807,0,0,2.464912281,95.83333333,26.71929825,75.6622807,20.19736842,0,0,86.14912281,6.188596491,1.078947368,0,72.15350877,299.8026316,0,266.1359649,30.66666667,0,0,0,0,0,0,0,7.162280702,9.289473684
125,MM,0,0,0,0,0,0,0,0,0,0,0,0,0,0,0,0,0,0,0,0,0,0,0,0,0,0,0,0,0,0,0,0,0,0,0,0,0,0,0,0,0,0,0,0,0,0,0,2.460674157,0.101123596,0.101123596,0,0,0,0,2.398876404,0,0,2.325842697,0.825842697,3.943820225,1.646067416,17.20224719,1.325842697,0.252808989,0,11.4494382,0,5.230337079,13.01123596,6.398876404,9.797752809,0,0,12.03932584,5.966292135,3.235955056,0,0,1.308988764,1.960674157,1.483146067,2.550561798,6.679775281
126,MM,0,0,0,0,0,0,0,0,0,0,0,0,3.380116959,0,0,0,0,0,0,0,0,0,0,0,0,0,0,0,0,0,0,0,0,0,0,0,0,0,0,0,0,0,0,0,0,0,0,0,0,0,0,0,0,0,0,0,0,0,0,0,0,0,0,0,0,0,0,0,0,0,0,0,0,0,0,0,0,3.204678363,3.204678363,5.625730994,0,2.49122807,2.730994152
79,PI127826,0,48.8111588,0,0,22.98283262,14.57939914,102.6008584,88.65236052,0,0,0,365.2703863,1462.974249,0,0,0,153.4334764,0,1.969957082,0,0,38.4248927,0,38.87124464,0,0,0,0,0,1.944206009,14.93562232,1871.424893,49.13304721,14.34763948,0,0,760.8669528,10.93991416,7.74248927,168.9012876,0,3.051502146,0,0,0,0,63.09871245,1648.716738,92.70815451,92.70815451,0,0,0,4.463519313,0,4.978540773,50.54077253,55.09871245,1414.841202,32.31759657,415.7939914,0,0,0,0,0,0,0,2.197424893,0,0.892703863,0,2.266094421,0,28.21888412,0,2.30472103,1240.815451,0,0,0,297.3690987,268.9399142
80,PI127826,2.509090909,36.04090909,15.7,0,6.963636364,118.1318182,1107.236364,109,0,0,0,336.2909091,989.9954545,0,0,0,190.1363636,0,0,0,0,107.0409091,0,97.49090909,0,33.69090909,0,0,0,0,1716.572727,1301.131818,140.85,1.868181818,0,0,4170.190909,1451.604545,580.1,1626.463636,0,0,60.95909091,43.02727273,0,0,608.1181818,3042.336364,349.5272727,349.5272727,24.49545455,0,0,0,0,1.990909091,176.4045455,237.9772727,47.14545455,98.54545455,684.45,0,0,0,5.172727273,0,0,0,5.640909091,0,3.827272727,0,4.863636364,0,501.3727273,403.0590909,0,1412.3,1036.854545,0,0,83.85454545,157.0909091
121,PI127826,0,52.62948207,0,0,15.66932271,20.03984064,138.1752988,167.0677291,0,0,0,440.8884462,330.1115538,0,0,0,259.8685259,0,6.386454183,0,0,126.7689243,0,129.6972112,0,32.94023904,0,0,0,66.77290837,1256.143426,2051.398406,93.04780876,6.541832669,0,0,5799.860558,234.1474104,325.374502,1463.314741,0,0,48.77290837,35.60956175,0,0,168.0318725,3102.585657,636.6175299,636.6175299,11.84063745,0,0,2.410358566,0,3.155378486,435.749004,306.9601594,588.6693227,0.764940239,914.5577689,0,0,0,5.976095618,0,0,0,0.940239044,0,0,0,5.310756972,0,338.7848606,0,0,1161.231076,1305.85259,0,6.3187251,243.9601594,369.9243028
122,PI127826,0,69.73469388,29.37244898,2.158163265,13.17857143,302.2397959,1725.290816,228.9183673,0,0,0,635.8520408,1813.061224,0,0,0,399.4285714,0,13.59183673,0,0,311.9693878,0,291.4693878,19.9744898,116.4030612,0,0,0,0,3342.316327,2948,518.1530612,0,0,0,5843.464286,374.9744898,1245.683673,3249.989796,0,0,304.4081633,228.6530612,0,0,2278.903061,4119.943878,309.0918367,309.0918367,116.1785714,0,0,0,0,0,365.4795918,629.7857143,0,32.64795918,1168.928571,0,0,0,0,0,0,0,0,0,46.10204082,0,58.18877551,0,979.2857143,607.0102041,0,2476.494898,1565.505102,2.709183673,2.678571429,88.06632653,186.2193878
163,PI127826,0,35.20857143,4.102857143,3.16,67.75142857,306.3171429,0,98.13714286,0,0,0,369.1942857,9446.291429,0,0,0,195.2314286,5.914285714,305.0342857,0,0,111.9885714,0,0,0,1.777142857,0,0,0,22.84857143,29.42285714,8548.931429,128.0657143,15.20857143,0,0,797.7742857,289.3457143,147.6028571,0,0,0,11.65714286,21.36857143,0,15.78,190.5628571,6750.708571,124.5914286,124.5914286,0,4.385714286,8.271428571,14.94,0,15.67428571,68.74285714,226.8828571,432.7485714,326.9942857,2038.842857,1.351428571,0,0,0,0,0,0,0.457142857,10.43428571,11.30571429,0,60.21142857,10.43428571,397.1771429,381.5685714,2.705714286,895.9285714,1217.64,1.465714286,0,416.1171429,425.6971429
164,PI127826,0,31.37777778,0,0,5.585185185,19.73703704,0,83.07037037,0,0,0,273.9481481,998.4518519,0,0,0,129.3481481,0,0,0,0,11.74074074,0,0,0,0,0,0,0,6.981481481,38.21111111,782.7851852,13.58888889,1.744444444,0,0,514.7592593,33.97407407,91.63333333,0,0,0,2.148148148,2.148148148,0,0,55.60740741,3198.237037,40.22222222,40.22222222,0,0,0,4.203703704,0,4.203703704,23.26666667,26.5962963,209.8148148,21.51851852,580.4592593,0,0,0,0,0,0,0,3.707407407,0,2.588888889,0,0,0,193.1185185,187.3962963,0,625.6777778,0,6.051851852,0,119.1888889,142.6
73,PI134418,0,0,0,0,174.496,0,0,8.432,148.144,0,0,0,0,0,0,0,0,0,419.944,0,0,0,0,0,0,0,0,0,0,0,0,0,0,5.968,382.488,0,0,0,48.184,632.216,692.176,0,0,0,0,0,0,67.024,245.096,245.096,0,0,0,0,0,0,106.56,0,0,0,10363.096,0,0,0,0,0,0,6.288,5.16,0,0,0,0,0,0,0,47.336,0,0,0,0,2.576,5.32
74,PI134418,0,0,0,0,682.4285714,0,0,16.25974026,64.50649351,0,0,0,0,0,0,0,0,22.00649351,2581.948052,4.935064935,0,0,0,0,0,0,0,0,0,11.45454545,0,0,0,36.20779221,572.0454545,0,18.88961039,0,117.2012987,2066.38961,2218.220779,0,0,0,0,0,0,411.1493506,638.8831169,638.8831169,0,0,0,0,0,0,157.0519481,0,3542.519481,0,10113.03896,0,0,2.246753247,0,0,0,1.545454545,0.298701299,0,0,0,0,0,0,0,89.18831169,0,0,0,0,2.88961039,0
115,PI134418,0,0,0,0,127.4461538,0,0,0,100.8384615,0,0,0,0,0,0,0,0,5.692307692,409.1,0,0,0,0,0,0,0,0,0,0,0,0,0,0,0,389.3307692,0,0,0,48.89230769,1003.215385,1096.738462,0,0,0,0,0,0,223.6384615,247.3615385,247.3615385,0,0,0,0,0,0,484.0538462,0,2061.423077,0,9218.076923,0,0,0,0,0,0,5.907692308,2.869230769,0,0,0,0,0,0,0,51.61538462,0,0,0,0,1.484615385,0.892307692
116,PI134418,0,0,0,0,233.616,0,0,0,128.584,0,0,0,0,0,0,0,0,16.856,1008.568,0,0,0,0,0,0,0,0,0,0,0,0,0,0,23.12,471.72,0,0,0,157.368,1584.4,1785.32,0,0,0,0,0,0,122.688,455.304,455.304,0,0,0,0,0,0,567.704,0,4921.008,3.312,11073.384,0,0,0,0,0,0,9.424,0,0,0,0,0,0,0,0,93.968,0,0,0,0,2.96,3.336
157,PI134418,0,0,0,0,190.5978261,8.652173913,0,39.90217391,87.45652174,0,0,0,0,0,0,0,0,51.14130435,4362,0,0,0,0,0,0,0,0,0,0,8.597826087,0,0,0,43.91304348,1330.652174,0,0,0,0,4239.456522,1482.01087,0,0,0,0,0,0,497.3478261,746.4891304,647.0326087,0,0,0,0,0,0,3522.608696,0,3554.206522,0,8608.26087,0,0,1.358695652,0,0,0,0,0,0,0,0,0,0,0,0,146.4347826,0,0,13.95652174,0,1.206521739,5.25
158,PI134418,0,0,0,0,236.6285714,0,0,24.33571429,111.3357143,0,0,0,0,0,0,0,0,15.32142857,1039.564286,0,0,0,0,0,0,0,0,0,0,0,0,0,0,12.36428571,1009.771429,0,0,0,0,1264.507143,1238.785714,0,0,0,0,0,0,121.1928571,273.9357143,273.9357143,0,0,0,0,0,0,1120.45,0,2195.921429,0,6071.121429,0,0,0,0,0,0,0,0,0,0,0,0,0,0,0,41.04285714,0,0,0,0,5.521428571,1.157142857